{"stats":{"minecraft:picked_up":{"minecraft:sticky_piston":1},"minecraft:custom":{"minecraft:jump":69,"minecraft:time_since_rest":66841,"minecraft:crouch_one_cm":598,"minecraft:play_one_minute":66841,"minecraft:leave_game":3,"minecraft:sprint_one_cm":1700,"minecraft:time_since_death":66841,"minecraft:walk_one_cm":4803,"minecraft:sneak_time":1584,"minecraft:fly_one_cm":415918},"minecraft:used":{"minecraft:birch_sign":15,"minecraft:white_stained_glass":4,"minecraft:minecart":6,"minecraft:redstone_block":4,"minecraft:observer":4,"minecraft:obsidian":71,"minecraft:structure_block":9}},"DataVersion":2586}